Date,201711,201711,201712,201712,201801,201801,201802,201802,201803,201803,201804,201804,201805,201805,201806,201806,201807,201807,201808,201808,201809,201809,201810,201810,201811,201811
Kind,단어,빈도,단어,빈도,단어,빈도,단어,빈도,단어,빈도,단어,빈도,단어,빈도,단어,빈도,단어,빈도,단어,빈도,단어,빈도,단어,빈도,단어,빈도
0,삼성,45,비트,122,가상화폐,108,비트,42,관세,93,삼성,68,삼성,66,금리,43,경제,44,집값,60,집값,105,코스피,59,하락,29
1,금리,35,내년,49,비트,56,공장,38,금호타이어,69,항공,58,아파트,45,시장,38,임금,43,서울,59,부동산,82,집값,56,삼성,25
2,인상,35,가상화폐,46,강남,48,군산,35,철강,67,조현민,53,현대,36,부동산,37,최저,42,아파트,34,서울,79,서울,56,서울,25
3,대출,35,금리,40,거래소,47,금리,32,트럼프,57,주택,38,시장,33,아파트,35,관세,39,부동산,33,대책,75,아파트,49,집값,22
4,최대,25,거래,34,거래,44,은행,29,노조,43,삼성증권,33,삼성바이오,31,인상,34,전쟁,36,리콜,33,주택,64,증시,45,경제,20
5,비트,25,인상,33,은행,37,일자리,25,무역,35,한진,30,직원,30,경제,33,인상,35,경제,31,아파트,47,경제,36,시장,18
6,시장,24,시장,31,건축,36,증시,25,폭탄,34,관세,27,항공,29,집값,31,아파트,35,국토,29,대출,43,하락,36,최대,17
7,은행,23,규제,28,규제,35,규제,24,매각,32,직원,26,경제,28,무역,30,무역,34,화재,29,공급,43,금리,35,아파트,17
8,내년,23,삼성,26,암호화폐,35,지원,24,전쟁,28,집값,26,건축,28,대출,29,아시아,33,터키,26,시장,37,부동산,33,인상,16
9,기업,22,대출,25,대책,33,시장,23,대출,27,서울,25,한진,27,트럼프,28,최저임금,32,폭염,25,추석,36,시장,31,거래,15
10,고용,22,거래소,25,인상,31,최대,22,경제,27,아파트,25,조양호,27,최대,28,삼성,30,대출,25,규제,30,대책,29,인하,15
11,파리바게뜨,22,은행,23,삼성,31,삼성,21,금리,27,노조,24,집값,25,보유세,27,서울,30,연금,24,임대,28,대출,27,코스피,13
12,투자,20,경제,23,계좌,31,인상,21,아파트,26,강남,24,강남,25,관세,25,기내식,29,폭탄,23,택지,28,경기,27,내년,13
13,조사,20,비리,22,집값,30,철수,21,시장,26,대한항공,24,전세,23,은행,25,무역전쟁,27,투기,23,신도시,27,강남,25,유류,13
14,돌파,20,대책,22,최고,27,경제,19,해외,26,거래,23,서울,23,시간,24,상승,26,대책,23,금리,26,주택,25,반도체,12
15,주택,20,주택,21,폐쇄,26,채용,18,인상,25,시장,21,최대,22,삼성,24,최대,26,국토부,23,벨트,25,위기,25,10월,12
16,달러,19,임금,20,임금,25,건축,18,미국,25,조양호,21,코스피,22,주택,23,폭염,26,삼성,23,투기,24,금융,23,유류세,12
17,코스닥,19,국민,19,서울,25,건설,18,건축,24,무역,20,침대,21,분양,22,저임금,25,소득,23,종부세,24,규제,22,부동산,11
18,광군제,18,소득,19,대출,24,금융,18,면제,24,노사,20,금감원,19,강남,22,강남,25,최대,22,1억,23,인하,22,투자,10
19,경제,18,달러,19,투자,24,미국,18,무역전쟁,23,주식,20,거래,19,하락,21,집값,24,인상,22,최대,23,분양,21,주유소,10
20,지원,18,세금,19,투자자,23,철강,18,청년,23,우려,19,압수,19,전쟁,21,트럼프,23,지역,22,발표,23,투자,21,국민,9
21,위기,18,투자,18,부동산,22,서울,17,일자리,22,경제,19,라돈,19,투자,20,시장,22,투자,22,강남,21,최대,20,현대,9
22,채용,17,일자리,18,김동연,22,위기,17,협상,22,가격,19,회계,18,서울,20,에어컨,22,가구,21,인상,21,김동연,20,고용,9
23,업계,17,검토,17,최저,21,대우,17,주택,21,조사,18,하락,18,중국,20,중국,21,상승,21,1주택자,21,유류,20,전쟁,9
24,거래,17,급락,17,최대,21,롯데,17,채용,19,공개,18,금융,18,코스피,19,폭탄,20,차량,21,수도권,21,최저,18,대책,9
25,유통,16,임대,17,시장,21,아파트,16,규제,18,관리,18,최고,18,무역전쟁,18,우려,19,전기,21,경제,20,인상,18,주택,9
26,사상,16,파리바게뜨,16,투기,20,집값,16,중국,18,부동산,17,일가,17,해킹,17,반도체,19,무역,20,신규,20,상승,18,삼성바이오,9
27,최고,16,최저,16,저임금,19,폐쇄,16,최대,17,분양,17,엘리엇,17,폭탄,16,전력,19,가격,20,무역,19,신도시,17,회계,9
28,지진,16,선물,16,코스닥,19,대출,15,시간,17,전세,17,압수수색,17,지방,16,시간,18,요금,20,전쟁,18,전쟁,17,주식,8
29,롯데,15,투기,16,상승,18,최고,15,구조,17,대출,17,수색,17,상승,16,가격,18,고용,20,중국,17,1억,17,위기,8
30,비리,15,부동산,15,실명제,18,수출,14,강남,17,하락,17,주택,17,최저,16,수입,18,시장,19,세금,17,전망,17,국내,8
31,최저,15,카드,15,금융,18,채용비리,14,관리,17,고용,17,부동산,17,규제,15,코스피,18,국민,19,매물,17,최고,16,40,8
32,기관,15,해외,15,통화,18,비리,14,추진,16,사과,17,투자,17,소득,15,편의점,18,규제,18,지역,16,우려,16,거부,8
33,가계,15,최대,15,최저임금,17,강남,14,이주,16,일가,17,관세,15,거래,15,하락,17,운행,18,관세,16,무역,15,해외,8
34,반도체,15,가격,15,우려,17,암호화폐,14,기업,16,은행,16,폭탄,15,종부세,15,세계,17,자영업자,17,경기,15,산업,15,이상,8
35,롱패딩,15,해킹,15,돌파,16,가격,14,은행,15,수출,16,남북,15,일자리,14,카드,17,추가,17,거래,15,15,15,최저,8
36,검찰,14,계좌,15,아파트,16,주택,14,합의,15,투자,16,시간,15,채용,14,전기료,17,검토,17,투자,15,고용,14,분식,8
37,소득,14,롯데,15,시세,16,우려,14,인수,15,코스피,16,우려,15,이상,14,금융,16,트럼프,16,혜택,15,분기,14,증시,7
38,임대,14,상승,14,가상통화,16,대우건설,14,한미,15,현대,15,소득,15,김동연,14,부동산,16,안전,16,담합,15,붕괴,13,종합2보,7
39,대책,13,가구,14,체인,16,부실,14,서울,14,금융,15,최저,15,고용,14,연금,16,협상,15,폭탄,15,소비자,13,소비자,7
40,매출,13,전망,14,작년,15,관세,13,우려,14,전쟁,15,그룹,15,부담,14,투자,16,강남,15,임대사업자,14,일자리,13,물가,7
41,서울,13,세계,14,과세,15,경영,13,하나,14,남북,15,본무,15,역대,14,종부세,15,에어컨,15,국토,14,10월,13,강남,7
42,부동산,13,고용,13,실명,15,하락,13,운명,14,양도,14,의혹,14,가격,12,걱정,15,금리,15,트럼프,14,청약,13,아파트값,7
43,임금,13,아파트,13,신규,14,사상,13,세계,13,금리,14,물가,14,수입,12,물가,15,전기요금,15,가격,14,효과,13,증가,7
44,규제,12,기업,13,새해,14,세계,13,공장,13,의혹,14,기관,14,위기,12,대책,15,대상,15,가구,14,코스닥,13,무역,7
45,코스피,12,광풍,12,주택,14,작년,13,예고,13,연금,14,1년,14,임금,12,미국,15,원인,15,미국,13,10년,12,더블,7
46,경기,12,가계,12,달러,14,시간,13,보복,13,교섭,14,구조,14,조사,12,누진제,15,위기,15,은행,13,가계,12,전망,7
47,강남,12,업계,12,보유세,14,의혹,12,해외매각,13,김기식,13,조현민,13,회사,12,항공,14,투기지역,15,미분양,13,은행,12,직영,7
48,50,12,통화,12,코스피,14,역대,12,지원,13,합의,13,수입,13,가구,12,대란,14,국민연금,15,이상,12,반등,12,분식회계,7
49,한샘,12,대기업,12,채용,14,기준,12,법정,13,환율,13,상승,13,집코,12,하반기,14,전세,15,분양,12,아파트값,11,급등,6
