Date,201711,201711,201712,201712,201801,201801,201802,201802,201803,201803,201804,201804,201805,201805,201806,201806,201807,201807,201808,201808,201809,201809,201810,201810,201811,201811
Kind,단어,빈도,단어,빈도,단어,빈도,단어,빈도,단어,빈도,단어,빈도,단어,빈도,단어,빈도,단어,빈도,단어,빈도,단어,빈도,단어,빈도,단어,빈도
0,삼성,48,비트코인,124,정부,76,한국,116,관세,94,한국,73,삼성,52,금리,46,최저임금,62,집값,61,집값,110,코스피,61,하락,28
1,한국,42,정부,60,강남,53,정부,60,한국,89,삼성,70,아파트,51,주택,42,전쟁,44,서울,60,주택,105,집값,57,집값,25
2,대출,39,내년,50,비트코인,52,비트코인,42,타이어,80,대한항공,58,한국,35,부동산,38,관세,43,정부,49,서울,81,서울,55,서울,23
3,인상,37,금리,48,거래,48,공장,38,금호,72,조현민,55,직원,30,시장,38,무역,41,아파트,35,부동산,77,아파트,51,경제,22
4,금리,36,거래,37,거래소,48,군산,34,철강,65,주택,42,시장,30,아파트,37,경제,38,리콜,33,대책,68,증시,46,삼성,20
5,주택,32,인상,36,계좌,39,금리,30,트럼프,57,직원,30,재건축,29,인상,34,아파트,37,대출,32,아파트,52,한국,45,거래,19
6,비트코인,27,한국,33,최저임금,37,일자리,25,정부,43,한진,29,한진,28,무역,33,인상,35,소득,29,대출,49,하락,44,시장,18
7,최대,24,주택,28,암호,36,규제,23,노조,43,논란,27,대한항공,28,집값,32,아시아나,32,폭염,28,공급,43,금리,40,인상,17
8,내년,23,규제,27,재건축,36,인상,23,무역,36,집값,26,조양호,27,경제,32,한국,31,부동산,28,추석,36,주택,39,내년,16
9,기업,22,시장,27,규제,35,지원,23,폭탄,34,노조,25,회장,26,대출,32,정부,30,터키,28,시장,35,경제,33,코스피,15
10,회장,22,대출,27,은행,35,은행,22,금리,33,무역,25,경제,26,트럼프,28,삼성,30,경제,27,정부,34,대출,32,아파트,15
11,파리,22,삼성,27,인상,33,최대,21,매각,33,서울,25,정부,26,최대,28,서울,30,국토부,26,규제,31,부동산,31,인하,15
12,바게뜨,22,거래소,26,대책,33,삼성,21,대출,31,아파트,25,강남,26,관세,27,기내식,29,화재,26,금리,29,정부,30,유류,14
13,시장,21,비리,22,실명,33,시장,21,아파트,29,거래,24,집값,25,정부,26,상승,26,폭탄,23,택지,28,개월,27,반도체,12
14,투자,20,대책,21,삼성,31,증시,21,전쟁,29,강남,24,금감원,23,유세,25,폭염,26,인상,23,신도시,28,대책,27,최대,12
15,돌파,20,소득,19,집값,30,철수,21,인상,26,관세,23,서울,23,전쟁,24,집값,24,차량,23,임대,26,강남,26,주유소,12
16,코스닥,20,세금,19,통화,30,이유,19,해외,26,조양호,22,침대,23,하락,23,트럼프,24,상승,22,그린벨트,25,분양,24,주택,12
17,지원,19,올해,18,대출,29,미국,19,재건축,25,전쟁,21,거래,22,분양,23,강남,24,무역,21,종부세,25,규제,22,한국,11
18,채용,18,일자리,18,최고,28,회장,18,미국,25,대출,21,하락,22,한국,23,최대,24,투자,21,인상,23,경기,22,고용,10
19,고용,18,경제,18,서울,26,채용,18,청년,25,노사,21,코스피,22,강남,22,편의점,24,삼성,21,매물,23,인하,21,부동산,10
20,경제,17,투자,17,주택,25,재건축,18,한미,25,주식,20,소득,22,최저임금,21,폭탄,22,고용,21,발표,23,성장,21,투자,10
21,거래,17,검토,17,투자,24,주택,18,면제,24,우려,19,현대,21,삼성,21,중국,22,최대,20,강남,21,김동연,20,개월,9
22,소득,17,급락,17,부동산,23,집값,18,시장,24,분양,19,라돈,20,은행,21,에어컨,22,개월,20,투기,21,유류,20,이상,9
23,지진,17,해킹,17,부담,23,철강,18,일자리,23,시장,18,개월,19,서울,20,전력,20,한국,20,한국,21,최고,19,증시,8
24,롯데,16,파리,16,투자자,23,서울,17,협상,23,부동산,18,주택,19,중국,20,우려,19,논란,19,수도권,21,투자,19,물가,8
25,비리,16,바게뜨,16,김동연,22,대출,17,경제,21,회장,18,투자,19,종부세,20,종부세,19,주택,19,최대,20,인상,19,증가,8
26,정부,16,은행,16,최대,20,롯데,17,주택,20,공개,18,최고,19,개월,19,반도체,19,자영,18,무역,20,시장,19,국내,8
27,최고,16,통화,16,투기,20,암호,16,채용,20,사과,18,부동산,18,코스피,19,개월,19,업자,18,전쟁,20,신도시,18,중국,8
28,가계,16,투기,16,폐쇄,20,수출,16,규제,18,조현아,18,엘리엇,17,투자,19,미국,18,추가,18,세금,20,최대,18,거부,8
29,올해,16,성장,15,한국,19,강남,16,강남,18,정부,17,압수수색,17,해킹,18,수입,18,규제,18,신규,20,전쟁,18,해외,8
30,논란,16,해외,15,올해,18,아파트,16,중국,18,수출,17,최저임금,17,회장,17,부동산,18,가구,17,중국,18,상승,18,논란,8
31,롱패딩,16,선물,15,상승,18,경제,16,추진,16,투자,17,직스,16,부담,17,회장,18,검토,17,개월,17,산업,17,대출,8
32,사상,15,가격,15,아파트,17,경영,16,세금,16,하락,17,최대,16,폭탄,16,코스피,18,대책,17,거래,17,전망,17,성장,8
33,은행,15,롯데,15,시장,17,폐쇄,16,최대,15,증가,16,전세,15,상승,16,카드,18,전기요금,17,관세,17,최저,16,삼바,8
34,반도체,15,부동산,14,우려,17,가격,15,합의,15,경제,16,물가,15,소득,16,논란,18,시장,17,투자,16,무역,16,주식,7
35,조사,15,상승,14,코스닥,17,최고,15,인수,15,코스피,16,현대차,15,거래,16,물가,18,국민연금,17,이유,15,우려,16,현대차,7
36,성장,15,국내,14,과세,17,세계,15,세계,14,가격,16,논란,15,규제,15,주택,17,협상,16,혜택,15,거래,15,소비자,7
37,검찰,14,최대,14,돌파,16,위기,15,서울,14,일가,16,금리,15,최고,14,시장,17,가격,16,담합,15,전세,15,정부,7
38,업계,14,세계,14,블록,16,부실,15,회장,14,조사,15,우려,15,일자리,14,하락,17,금리,16,이후,15,고용,15,전쟁,7
39,주거,14,최저임금,14,체인,16,비리,14,우려,14,금리,15,부담,15,채용,14,세계,17,트럼프,16,폭탄,15,일자리,15,더블,7
40,대책,13,가계,13,작년,15,통화,14,금감원,14,합의,15,그룹,15,김동연,14,전기,17,일자리,16,분양,14,청약,15,대책,7
41,사장,13,산업,13,신규,14,하락,14,기업,14,도세,14,구본무,15,위기,14,내년,16,안전,16,사업자,14,소비자,14,전망,7
42,매출,13,아파트,13,수출,14,우려,14,운명,14,은행,14,폭탄,14,역대,14,보복,16,투기지역,16,경제,14,위기,14,직영,7
43,서울,13,개월,13,금리,14,대우건설,14,최저임금,13,환율,14,일가,14,회사,14,투자,16,쇼크,16,트럼프,14,붕괴,13,일자리,7
44,부동산,13,이유,13,코스피,14,관세,13,분양,13,매도,14,의혹,14,반도체,13,가격,15,전쟁,15,미국,13,리포트,13,분식회계,7
45,수출,13,기업,13,채용,14,금융,13,군산,13,의혹,14,증가,14,고용,13,금융,15,에어컨,15,등록,13,마감,13,보상,6
46,과세,13,전망,13,비리,14,작년,13,공장,13,고용,14,세금,14,진에어,13,추가,15,문제,15,국토부,13,다시,13,용산,6
47,달러,13,서울,13,시세,14,무역,13,지엠,13,배당,14,진에어,14,미국,12,걱정,15,강남,14,최고,13,코스닥,13,급등,6
48,규제,12,광풍,12,발표,14,의혹,12,예고,13,교섭,14,관세,13,보복,12,수요,15,코스피,14,확대,13,효과,12,가격,6
49,코스피,12,직접,12,코인,14,역대,12,보복,13,현대차,13,주식,13,물가,12,거래,15,최고,14,미분,13,반등,12,지역,6
