날짜,201711,201711,201712,201712,201801,201801,201802,201802,201803,201803,201804,201804,201805,201805,201806,201806,201807,201807,201808,201808,201809,201809,201810,201810,201811,201811
종류,단어,빈도,단어,빈도,단어,빈도,단어,빈도,단어,빈도,단어,빈도,단어,빈도,단어,빈도,단어,빈도,단어,빈도,단어,빈도,단어,빈도,단어,빈도
0,귀순,24,비트코인,28,최저임금,19,검사,14,미투,23,김정은,24,폭행,28,여고생,22,폭염,25,태풍,22,평양,30,아파트,19,폭행,9
1,검찰,14,화재,15,거래,14,박근혜,14,안희정,19,조현민,19,회담,19,강진,18,사망,19,김경수,20,주택,26,주택,12,쌍둥이,8
2,북한,14,제천,14,비트코인,14,성추행,13,성추행,18,삼성,17,김성태,19,이재명,17,최저임금,18,폭염,18,김정은,26,이재명,12,양진호,7
3,포항,13,사망,12,수사,14,검찰,12,의혹,16,선언,13,아파트,16,실종,17,전쟁,15,솔릭,18,부동산,16,살인,12,숙명여고,7
4,지진,13,거래,11,현송월,14,지원,12,정봉주,16,택배,12,김정은,15,김정은,13,기무사,14,집값,16,대책,16,유치원,11,교체,6
