Date,201711,201711,201712,201712,201801,201801,201802,201802,201803,201803,201804,201804,201805,201805,201806,201806,201807,201807,201808,201808,201809,201809,201810,201810,201811,201811
Kind,단어,빈도,단어,빈도,단어,빈도,단어,빈도,단어,빈도,단어,빈도,단어,빈도,단어,빈도,단어,빈도,단어,빈도,단어,빈도,단어,빈도,단어,빈도
0,인상,9,비트,27,가상화폐,26,한국,23,한국,23,삼성,16,아파트,11,금리,10,기내식,10,집값,16,대출,14,아파트,12,삼성,6
1,대출,9,내년,11,정부,14,정부,13,관세,15,조현민,15,한진,10,트럼프,8,무역,10,서울,14,대책,13,증시,11,하락,6
2,최대,8,정부,11,거래,13,공장,10,철강,10,한진,11,회장,10,대출,8,전쟁,10,정부,11,부동산,12,한국,10,국민,4
3,삼성,7,거래,9,비트,13,군산,9,희망,8,항공,11,조양호,9,인상,8,에어컨,10,화재,9,집값,12,코스피,8,집값,4
4,가계,7,가상화폐,9,거래소,9,비트,8,경제,8,주택,10,양호,9,시장,7,아시아,9,전기,9,주택,11,정부,7,최대,4
5,최저,7,시장,8,집값,8,증시,8,정부,8,삼성증권,9,항공,9,은행,7,시간,9,요금,9,아파트,9,시장,7,경유,4
6,강남,6,인상,8,강남,8,이유,7,트럼프,7,직원,7,압수,8,최대,6,관세,9,아파트,8,추석,9,서울,6,미세,4
7,사상,6,금리,7,투자,8,군산공장,7,폭탄,7,대한항공,7,직원,8,무역,5,경제,9,전기요금,8,신도시,9,분양,5,미세먼지,4
8,비트,6,비트코인,7,서울,7,노조,7,아파트,7,사과,7,압수수색,7,집값,5,전기료,9,차량,8,강남,8,최고,5,먼지,4
9,금리,6,국민,6,인상,6,문제,6,무역,7,일가,7,수색,7,세계,5,저임금,7,폭탄,7,1억,7,붕괴,5,삼성전자,3
10,조사,5,소득,6,최대,6,부실,6,금호,7,주식,6,서울,7,일자리,5,무역전쟁,7,최대,7,세금,7,1억,5,고용,3
11,반도체,5,은행,6,최고,6,지원,6,금호타이어,7,택배,6,의혹,6,위기,5,미국,7,누진제,6,서울,7,금리,5,국내,3
12,임금,5,가구,6,시세,6,폐쇄,6,타이어,7,조양호,6,대출,6,관세,5,누진제,7,대출,6,공급,7,경기,5,더블,3
13,아파트,5,대출,6,대책,6,일자리,5,희망퇴직,6,양호,6,한국,6,고용,5,직원,6,운행,6,금리,7,개미,5,최저,3
14,가계빚,5,폭탄,5,2030,6,비트코인,5,퇴직,6,삼성전자,5,삼성,5,시간,5,보복,6,리콜,6,임대,6,급락,5,유류,3
15,내년,5,삼성,5,계좌,6,폭락,5,전쟁,6,논란,5,조현민,5,경제,5,최저,6,문제,6,1주택자,6,유류,5,인하,3
16,비트코인,5,최저,5,새해,5,최고,5,최대,5,조사,5,비밀,5,하락,4,임금,6,전기료,5,벨트,6,인하,5,서울,3
17,검찰,4,세금,5,부동산,5,경제,5,대출,5,공급,5,일가,5,소득,4,폭염,6,투기,5,무역,6,최악,5,이상,3
18,회장,4,계좌,5,도박,5,회장,4,70,5,대출,5,하락,5,이자,4,인상,5,가구,5,정부,6,집값,4,시장,3
19,삼성전자,4,달러,4,폐쇄,5,수출,4,면제,5,최고,5,수사,5,지방,4,트럼프,5,경제,5,추가,4,부동산,4,12,3
20,경제,4,해외,4,김동연,5,금리,4,무역전쟁,5,실수,5,시장,5,삼성,4,중국,5,터키,5,임대사업자,4,주택,4,삼성바이오,3
21,한국,4,100,4,투기,5,뉴욕,4,노조,5,관세청,5,강남,5,최저,4,한국,5,폭염,4,혜택,4,반등,4,인상,3
22,40,4,집값,4,건축,5,이재,4,인상,4,탈세,5,군산,5,타격,4,수입,5,대책,4,트럼프,4,중국,4,주택,3
23,최저임금,4,통화,4,이후,4,아파트,4,군산,4,현대,4,라돈,5,해킹,4,최대,5,시장,4,중국,4,대책,4,대출,3
24,서울,4,대책,4,보유세,4,세계,4,공장,4,관세,4,침대,5,금리인상,4,정부,5,10곳,4,투기,4,경제,4,삼바,3
25,폭탄,4,한국,4,적발,4,강남,4,신청,4,그룹,4,관세,4,대출금리,4,전력,5,위기,4,최대,4,위기,4,분식,3
26,주택,4,금리인상,4,저임금,4,집값,4,세계,4,112,4,폭탄,4,전쟁,3,항공,4,자영업자,4,수도권,4,최대,4,분식회계,3
27,경찰,4,비리,4,한국,4,경찰,3,규제,4,112조,4,삼성바이오,4,보복,3,대란,4,주택,4,폭염,3,반값,4,회계,3
28,롱패딩,4,급락,4,작년,4,1월,3,일자리,4,배당,4,롯데,4,반값,3,우려,4,중지,4,반도체,3,하락,4,반도체,2
29,30대,3,가능,4,아파트,4,역대,3,이상,4,연금,4,관세청,4,한국,3,삼성,4,14,4,조사,3,신도시,3,10월,2
30,징역,3,1월,4,임금,4,종합2보,3,청년,4,전무,4,거래,4,부동산,3,추가,4,원인,4,사업자,3,아파트값,3,폭락,2
31,집값,3,아파트,4,논란,4,붕괴,3,일본,4,다산,4,대한항공,4,시작,3,10년,4,지역,4,시장,3,가계,3,3명,2
32,상승,3,광풍,3,세금,4,우려,3,수저,4,신도시,4,전세,4,중국,3,폭탄,4,가격,4,업자,3,필수,3,3분,2
33,승진,3,1인,3,은행,4,개월,3,정리,3,양도,3,22,4,규제,3,걱정,4,일자리,4,경제,3,단속,3,확산,2
34,사기,3,국민소득,3,실명,4,뉴욕증시,3,해고,3,중과,3,최고,4,임금,3,이하,4,40,4,인상,3,인상,3,매물,2
35,부동산,3,3만달러,3,확인,4,대우,3,시간,3,시작,3,1년,4,최저임금,3,소득,4,규제,4,관세,3,부자,3,지역,2
36,지갑,3,연봉,3,실명제,4,청소,3,전세,3,거래,3,본무,4,김동연,3,역전,4,인상,3,주택공급,3,1위,3,증가,2
37,1명,3,카드,3,시행,4,논의,3,갭투자자,3,현대차,3,속출,4,대진,3,역전쟁,4,강남,3,발표,3,보유,3,효과,2
38,연말,3,이슈,3,세계,4,자금,3,투자자,3,개발,3,사람,4,침대,3,최저임금,4,완화,3,10배,3,기업,3,하루,2
39,연말정산,3,폭등,3,암호화폐,4,24,3,예고,3,4월,3,주식,3,52,3,투자,4,국토,3,그린,3,반도체,3,논란,2
40,정산,3,현금,3,삼성,4,삼성,3,군산공장,3,시장,3,매매,3,52시간,3,카드,4,국토부,3,그린벨트,3,기준,3,외식,2
41,편의점,3,보따리,3,신규,3,하락,3,시장,3,금수저,3,경찰,3,근무제,3,대표,3,부담,3,전쟁,3,휘발유,3,경제,2
42,절반,3,가상통화,3,압박,3,롯데,3,100,3,수저,3,시간,3,국토,3,반도체,3,걱정,3,지역,3,15,3,투자,2
43,산업,3,규제,3,외식,3,확인,3,국토,3,전세,3,해외,3,국토부,3,의무,3,운행중지,3,사과,3,15일,3,쇼크,2
44,계약,3,검토,3,물가,3,해외,3,증가,3,역전세,3,절벽,3,금융,3,부담,3,성장,3,가구,3,보증,3,상권,2
45,월세,3,좀비,3,첫날,3,시간,3,강원,3,정부,3,집값,3,임대료,3,사장,3,투자,3,매물,3,금지,3,15,2
46,영업,3,올해,3,부산,3,임금,3,강원랜드,3,임대,3,밀수,3,육박,3,사과,3,아파트값,3,급등,3,대출,3,내년,2
47,10월,3,적자,3,서민,3,금융,3,랜드,3,엘리엇,3,청약,3,자영업,3,회장,3,내년,3,실업자,3,세계,3,폴더블폰,2
48,최고,3,소비자,3,사상,3,통화,3,철강관세,3,기업,3,확대,3,영업,3,대상,3,쇼크,3,이후,3,아이,3,종합2보,2
49,500,3,해킹,3,달러,3,주택,3,부동산,3,신용,3,우려,3,보유세,3,미중,3,1위,3,파트,3,일자리,3,유류세,2
